{"cameraMode":{"drawMode":0,"name":"Shaded","section":"Shading Mode"},"sceneLighting":false,"audioPlay":false,"sceneViewState":{"m_AlwaysRefresh":false,"showFog":true,"showSkybox":false,"showFlares":true,"showImageEffects":true,"showParticleSystems":true,"showVisualEffectGraphs":true,"m_FxEnabled":true},"in2DMode":false,"pivot":{"x":-6.5072736740112309,"y":2.1708357334136965,"z":9.771982192993164},"rotation":{"x":0.010870256461203099,"y":-0.9416541457176209,"z":0.3352137506008148,"w":0.030214613303542138},"size":1.2247449159622193,"orthographic":false}